,017c_7byte
4,00100110
18,00110101
29,00001011
43,00011010
54,00101001
68,00110110
79,00001001
93,00011000
105,00101001
121,00111000
131,00001011
145,00011011
156,00101010
170,00111001
180,00001011
194,00011010
206,00101001
220,00110110
231,00001001
248,00011000
259,00101000
273,00110111
283,00001010
297,00011100
308,00101011
322,00111010
334,00001100
348,00011011
360,00101010
379,00110111
389,00001010
403,00011001
414,00101000
434,00011100
445,00001110
466,00011110
478,00010110
489,00100101
501,00000110
512,00000100
525,00010011
539,00100011
551,00000100
568,00010101
589,00110110
602,00000100
616,00011001
628,00101000
631,00111000
641,00001011
655,00011010
673,00101110
684,00001111
698,00010000
714,00011111
727,00000010
740,00001111
753,00101001
765,00110110
766,00110110
776,00001001
789,00011010
802,00101000
815,00110101
833,00111100
838,00100000
849,00110010
866,00100110
876,00101000
893,00011101
907,00101100
916,00111100
938,00011101
947,00111111
963,00010100
982,00111000
999,00001011
1010,00011010
1019,00110001
1043,00001101
1051,00111010
1067,00011000
1083,00000111
1097,00110101
1106,00001000
1117,00010111
1129,00010110
1147,00111011
1155,00010001
1164,00111111
1171,00110101
1194,00110110
1206,00110100
1215,00000111
1227,00001001
1237,00011000
1243,00001011
1253,00011010
1259,00010001
1274,00010111
1290,00010000
1306,00011110
1321,00101101
1331,00101100
1340,00111011
1346,00111011
1368,00111110
1386,00000000
1397,00011010
1412,00101001
1422,00000000
1434,00011010
1448,00111010
1459,00001100
1466,00111100
1485,00111001
1498,00111000
1511,00001011
1526,00111001
1541,00110011
1555,00101000
1570,00101101
1580,00111100
1587,00101001
1603,00100001
1617,00110000
1632,00110000
1642,00101001
1653,00110111
1658,00010100
1674,00100001
1685,00111110
1692,00010000
1707,00101111
1718,00111101
1733,00110000
1746,00011100
1767,00111001
1778,00010110
1802,00011010
1811,00000000
1822,00011111
1842,00001000
1853,00100001
1866,00010110
1887,00001101
1898,00111010
1911,00001101
1922,00011111
1939,00011000
1954,00000010
1979,00110101
1993,00011011
2006,00010001
2020,00100000
2029,00111001
2043,00101000
2058,00100100
2075,00000001
2090,00000111
2101,00010110
2107,00101011
2118,00111010
2130,00011000
2147,00100100
2164,00010110
2186,00001101
2194,00111001
2207,00001100
2220,00101011
2234,00100000
2259,00111100
2266,00111110
2282,00000110
2293,00010101
2302,00110101
2315,00000111
2322,00010100
2345,00100100
2354,00010000
2370,00111101
2386,00001101
2397,00011100
2402,00000001
2413,00010000
2428,00011001
2452,00000111
2458,00110111
2476,00011001
2497,00001010
2506,00110101
2518,00001000
2537,00001110
2547,00110110
2561,00110000
2582,00000111
2593,00110000
2615,00000010
2626,00010001
2635,00110110
2653,00100010
2666,00110011
2683,00111110
2703,00100010
2717,00110001
2719,00100001
2728,00110000
2739,00010110
2751,00011000
2764,00100111
2773,00000110
2786,00000011
2797,00010010
2803,00011101
2817,00101100
2826,00111010
2844,00111111
2859,00111110
2879,00101000
2901,00100010
2902,00101100
2911,00111011
2924,00001110
2937,00100111
2954,00110111
2970,00101110
2975,00001010
2984,00011001
2994,00101001
3005,00110110
3008,00100100
3018,00110100
3040,00101100
3051,00111101
3074,00100000
3083,00111111
3099,00010100
3113,00100011
3122,00111001
3140,00010000
3159,00001011
3173,00001000
3186,00010001
3203,00011011
3217,00101010
3231,00100011
3241,00101111
3251,00111110
3261,00101110
3275,00111001
3287,00101101
3295,00111100
3309,00111111
3324,00001111
3329,00010010
3349,00010001
3368,00001110
3381,00101101
3394,00011110
3411,00110011
3424,00000110
3437,00001000
3455,00000110
3473,00100011
3482,00011100
3494,00011010
3508,00101001
3522,00111100
3537,00111000
3561,00101100
3571,00110010
3588,00000001
3606,00101100
3618,00111011
3625,00010100
3642,00100110
3653,00110101
3661,00100110
3677,00100011
3699,00111111
3707,00011000
3718,00100111
3731,00010001
3747,00110001
3763,00011011
3779,00010000
3795,00111101
3805,00000000
3810,00101001
3822,00111000
3836,00000101
3851,00010011
3867,00010011
3883,00111110
3893,00000001
3896,00001111
3907,00011110
3915,00010110
3926,00100101
3938,00101111
3954,00100101
3971,00100111
3987,00010101
3997,00100000
4003,00101101
4021,00111110
4029,00000001
4044,00011111
4053,00101110
4060,00010100
4069,00101000
4076,00110110
4084,00001001
4092,00110011
4100,00000110
4107,00011010
4123,00111001
4131,00001100
4148,00110100
4156,00000111
4164,00011000
4180,00110110
4188,00001001
4194,00010111
4209,00110100
4219,00000111
4228,00011011
4239,00101111
4249,00010010
4260,00100000
4266,00110100
4276,00000011
4282,00110001
4292,00000100
4299,00011101
4314,00110010
4324,00000111
4330,00010000
4341,00101111
4356,00110001
4370,00011111
4381,00101110
4390,00101010
4401,00001101
4416,00000010
4429,00010001
4434,00000101
4448,00011001
4459,00110010
4469,00000101
4474,00111000
4484,00001101
4492,00101001
4507,00001010
4522,00011010
4541,00001010
4555,00011001
4563,00111001
4573,00001100
4579,00000010
4601,00111100
4608,00111110
4617,00001111
4632,00010011
4643,00100010
4650,00111110
4660,00000001
4666,00011000
4677,00100111
4699,00011010
4711,00010001
4722,00100101
4733,00000100
4747,00010011
4756,00000111
4775,00100101
4791,00100010
4803,00101010
4818,00001111
4841,00110101
4851,00001000
4864,00000100
4874,00101110
4890,00110011
4900,00000110
4902,00001111
4914,00011110
4926,00000001
4940,00111110
4951,00001101
4962,00000110
4978,00110101
5001,00110100
5015,00000111
5026,00100011
5043,00111000
5053,00001011
5068,00100000
5088,00110100
5101,00011110
5114,00010110
5125,00101101
5132,00101010
5150,00001101
5164,00011100
5177,00011010
5193,00110110
5200,00001111
5213,00011110
5225,00010010
5237,00100010
5250,00001000
5264,00010111
5276,00100001
5294,00110011
5309,00101100
5328,00101000
5346,00111011
5356,00101000
5370,00111001
5382,00110010
5390,00101000
5403,00111000
5416,00111001
5427,00011000
5451,00110111
5464,00110010
5474,00000101
5491,00100000
5502,00001100
5520,00101011
5535,00001110
5543,00011101
5554,00101100
5568,00011110
5579,00101101
5595,00010111
5610,00111000
5623,00000011
5640,00111100
5650,00010011
5661,00100010
5672,00011000
5685,00100111
5695,00100010
5711,00101011
5745,00101010
5760,00011100
5774,00101010
5803,00011101
5829,00000011
5846,00101001
5873,00101111
5879,00110100
5891,00000111
5905,00001101
5921,00110010
5933,00000111
5955,00100110
5959,00100000
5970,00111111
5989,00001110
6006,00111101
6023,00000011
6039,00101010
6056,00011110
6076,00110111
6095,00011010
6112,00011001
6144,00001100
6165,00110110
6172,00011011
6183,00101010
6201,00010001
6217,00110011
6231,00010010
6246,00100001
6263,00011101
6277,00111010
6297,00001110
6317,00011100
6328,00011100
6339,00101000
6343,00100010
6353,00110100
6367,00100011
6380,00001001
6402,00101011
6412,00111010
6420,00010101
6437,00010001
6454,00111110
6466,00110010
6477,00000101
6488,00101100
6504,00110000
6529,00110011
6540,00010111
6558,00111010
6576,00000101
6592,00101110
6632,00000100
6647,00100100
6683,00011010
6692,00111100
6708,00111111
6721,00000011
6726,00111011
6739,00001111
6748,00111110
6764,00111001
6783,00111100
6791,00100110
6804,00110111
6812,00010101
6825,00100100
6836,00111011
6848,00111100
6861,00001001
6871,00100110
6884,00011000
6900,00100010
6919,00010100
6938,00101111
6952,00110100
6965,00000001
6976,00100011
6990,00110000
7007,00010001
7026,00000000
7039,00010000
7052,00101111
7061,00000111
7083,00100001
7092,00011000
7106,00010000
7131,00100000
7146,00011110
7161,00111000
7181,00010010
7198,00110011
7213,00011011
7230,00111000
7247,00010000
7267,00110010
7288,00010000
7300,00010110
7336,00111010
7347,00100101
7367,00110101
7380,00001000
7391,00111000
7411,00001101
7422,00110100
7435,00010011
7455,00110110
7475,00010110
7487,00111110
7500,00000011
7515,00101010
7529,00010110
7547,00100111
7564,00011100
7573,00101001
7594,00000110
7605,00010111
7636,00011110
7646,00110000
7666,00101001
7681,00001011
7698,00111001
7722,00001000
7740,00011100
7757,00111010
7767,00011111
7779,00111010
7801,00000110
7812,00110100
7826,00001011
7843,00001100
7854,00010100
7874,00101100
7880,00100101
7890,00110100
7907,00101010
7921,00001100
7933,00010111
7944,00110110
7958,00010101
7975,00110111
7993,00100011
8006,00110111
8024,00111011
8042,00100110
8053,00110101
8066,00011000
8082,00000001
8091,00010001
8102,00001100
8112,00011011
8127,00010111
8144,00110100
8157,00001100
8168,00111011
8189,00001001
8198,00010100
8216,00101011
8231,00101100
8245,00110100
8258,00110000
8269,00000011
8287,00011110
8304,00011001
8319,00011111
8332,00111110
8351,00111010
8367,00100001
8380,00110000
8388,00001000
8407,00001011
8422,00100000
8439,00100101
8455,00111110
8465,00000111
8486,00011110
8497,00101110
8511,00011101
8527,00111000
8543,00110110
8559,00010011
8575,00011110
8590,00100100
8614,00001101
8631,00111001
8645,00000011
8661,00101011
8674,00111110
8684,00000001
8697,00101110
8709,00101100
8731,00110111
8741,00001010
8749,00010001
8770,00011010
8785,00111101
8800,00011010
8813,00101001
8828,00111000
8835,00000110
8859,00010111
8869,00011101
8885,00001010
8897,00000100
8917,00011110
8938,00011001
8948,00101000
8959,00111111
8977,00001101
8996,00011101
9009,00111100
9017,00001001
9035,00011101
9045,00101101
9064,00111111
9077,00011001
9091,00101101
9109,00010111
9124,00101100
9139,00111000
9149,00001011
9153,00100111
9168,00110110
9179,00110100
9189,00001001
9195,00001011
9211,00001110
9227,00010011
9237,00101111
9243,00000101
9261,00001010
9277,00011010
9288,00101101
9306,00010001
9317,00111111
9336,00110011
9347,00110010
9357,00000101
9365,00011001
9375,00100101
9387,00101000
9410,00011000
9436,00011111
9452,00101111
9467,00000110
9483,00111011
9493,00000000
9526,00100001
9543,00010110
9575,00100001
9591,00110010
9601,00000101
9611,00011100
9621,00101011
9630,00000110
9647,00100111
9660,00110111
9678,00100110
9690,00111111
9700,00000010
9707,00100111
9723,00110110
9740,00000000
9750,00100101
9769,00011110
9787,00100110
9805,00111110
9818,00110111
9828,00001010
9835,00000011
9855,00000001
9864,00001101
9885,00111010
9902,00101011
9924,00111110
9927,00010001
9937,00100000
9954,00000110
9971,00100101
9984,00010101
9994,00100100
10011,00110100
10025,00011011
10036,00001110
10050,00011101
10064,00101010
10079,00111001
10086,00111011
10096,00001101
10111,00011111
10130,00010001
10150,00111100
10170,00010010
10175,00000001
10187,00010000
10196,00100000
10216,00100010
10229,00010110
10245,00110001
10257,00000101
10262,00010110
10272,00101000
10286,00100001
10308,00011010
10318,00001010
10335,00100010
10351,00011110
10369,00011011
10395,00111100
10411,00111101
10420,00011100
10436,00000011
10449,00000011
10460,00010001
10467,00100010
10481,00110010
10494,00000010
10508,00010000
10523,00100010
10538,00110100
10558,00001101
10575,00001110
10586,00110000
10600,00000011
10612,00101011
10626,00011010
10644,00101011
10661,00010001
10673,00110001
10689,00000111
10700,00010110
10713,00100000
10725,00111111
10729,00101010
10741,00111001
10747,00001101
10761,00110001
10777,00111001
10793,00011110
10806,00100000
10820,00010000
10840,00011111
10849,00111001
10876,00000110
10885,00100110
10897,00011000
10914,00011111
10927,00101110
10937,00110011
10963,00110100
10969,00100100
10979,00110011
10982,00010101
10994,00100100
11004,00100001
11016,00011101
11028,00101100
11042,00000111
11053,00010110
11056,00001101
11067,00011100
11072,00101011
11083,00111010
11095,00111111
11115,00111011
11121,00011010
11134,00011001
11146,00101000
11162,00011100
11177,00110100
11193,00000110
11204,00010101
11214,00110110
11225,00011101
11246,00110110
11259,00001001
11265,00010101
11282,00101101
11297,00010101
11313,00000111
11331,00011001
11342,00110111
11354,00001010
11373,00001001
11390,00001000
11401,00100011
11413,00110010
11425,00101000
11436,00111001
11449,00101101
11459,00111101
11478,00110011
11497,00101111
11507,00010101
11524,00110001
11543,00101011
11558,00100010
11570,00110011
11586,00111011
11591,00011010
11604,00101001
11612,00110010
11635,00000101
11641,00101111
11653,00111110
11659,00111111
11677,00101001
11689,00111000
11700,00101001
11718,00001101
11733,00000001
11750,00001001
11767,00011011
11780,00011111
11793,00101110
11812,00100100
11820,00010000
11833,00011111
11853,00111001
11867,00110001
11891,00110101
11908,00001110
11921,00110111
11939,00010100
11957,00001100
11974,00000110
11994,00100100
12012,00000110
12029,00001000
12045,00101001
12062,00100111
12076,00100100
12100,00110001
12120,00000110
12126,00001001
12136,00011000
12149,00000000
12173,00000001
12182,00100100
12202,00100100
12224,00100000
12236,00110010
12252,00111011
12267,00011101
12279,00111111
12290,00000010
12298,00001010
12312,00011001
12330,00101111
12339,00100011
12356,00110100
12370,00001010
12390,00011000
12405,00100010
12420,00110100
12431,00101111
12445,00111100
12458,00001010
12474,00001000
12487,00001010
12500,00011001
12503,00101000
12518,00110111
12529,00100101
12547,00010101
12556,00100100
12558,00011111
12566,00101110
12582,00100000
12600,00001010
12609,00000110
12620,00010101
12629,00100100
12633,00000111
12652,00100101
12668,00000100
12685,00000010
12697,00100110
12711,00111100
12721,00001001
12737,00010111
12747,00100110
12753,00010100
12764,00100011
12770,00100011
12785,00000101
12804,00011011
12818,00100101
12833,00110100
12841,00000110
12857,00000001
12875,00111110
12885,00000001
12886,00100111
12900,00110110
12905,00000001
12921,00100010
12936,00110001
12945,00111100
12955,00001111
12961,00110011
12972,00000110
12979,00101000
12995,00110011
13005,00000110
13010,00000101
13026,00101010
13043,00111001
13053,00111111
13067,00011100
13077,00101011
13082,00100110
13102,00100111
13113,00010001
13123,00100000
13129,00010110
13139,00100101
13155,00111101
13165,00000000
13169,00101100
13183,00101011
13208,00010000
13220,00100011
13238,00110011
13248,00000110
13258,00100100
13278,00100011
13291,00001001
13307,00101110
13324,00111011
13338,00011100
13348,00101011
13356,00101110
13372,00111101
13385,00011110
13402,00110100
13411,00000100
13433,00010111
13444,00001100
13462,00100010
13485,00100011
13505,00010100
13518,00100111
13530,00011100
13541,00101011
13548,00110010
13569,00010110
13580,00101010
13592,00110000
13602,00011110
13612,00101010
13620,00111000
13638,00100101
13655,00111100
13670,00100011
13687,00110101
13697,00001000
13706,00000101
13731,00000100
13744,00010110
13762,00110010
13774,00100111
13796,00100011
13810,00100111
13826,00100010
13850,00010100
13865,00011010
13880,00010010
13890,00100001
13902,00000001
13922,00110010
13932,00000111
13948,00101010
13970,00101111
13982,00110000
13995,00000011
14004,00100100
14021,00001100
14042,00101110
14071,00001001
14088,00000111
14102,00110100
14114,00000111
14128,00010010
14161,00111000
14193,00011110
14207,00110101
14221,00000111
14229,00010101
14245,00011001
14279,00110111
14292,00000111
14301,00010111
14303,00101101
14313,00111001
14328,00110000
14341,00000011
14355,00011101
14367,00111001
14385,00000000
14405,00100010
14412,00011111
14439,00000110
14453,00101001
14487,00000010
14503,00001000
14522,00001110
14534,00100101
14550,00101111
14563,00111110
14578,00000011
14588,00101110
14608,00110101
14628,00101011
14637,00000101
14655,00010101
14670,00111100
14684,00001111
14695,00111001
14710,00010111
14727,00110011
14744,00001111
14758,00111111
14779,00101000
14799,00110001
14809,00011011
14828,00011011
14841,00111111
14854,00101010
14866,00111001
14881,00110001
14898,00101011
14920,00011101
14930,00010010
14944,00110010
14957,00000101
14970,00001001
14988,00101001
14994,00000100
15004,00010011
15011,00010011
15024,00100011
15038,00011111
15059,00011000
15067,00000000
15077,00011111
15087,00111001
15100,00111011
15122,00101001
15133,00111000
15143,00011000
15162,00100001
15178,00101100
15190,00010001
15208,00100000
15222,00010011
15243,00101111
15253,00110001
15268,00011100
15278,00110001
15314,00000000
15330,00000110
15346,00000010
15356,00010000
15366,00110100
15379,00110100
15402,00101101
15412,00010101
15434,00000110
15447,00110100
15474,00110101
15485,00111110
15504,00110011
15525,00000100
15537,00101100
15552,00110010
15559,00001001
15568,00010011
15604,00101000
15619,00110001
15639,00111100
15657,00001110
15671,00110100
15690,00011000
15701,00100111
15717,00101010
15727,00001000
15749,00001100
15751,00000001
15760,00011110
15785,00000101
15795,00010100
15806,00111011
15818,00001101
15831,00001101
15846,00010010
15878,00101100
15892,00111000
15911,00110111
15921,00001001
15938,00001010
15946,00101011
15957,00111010
15966,00000110
15981,00011010
15998,00000010
16013,00001100
16029,00100010
16043,00110001
16051,00010001
16061,00100000
16066,00110000
16077,00000011
16085,00010101
16101,00001001
16117,00100001
16136,00011101
16153,00010001
16164,00100000
16166,00101010
16178,00111001
16189,00000011
16206,00100111
16219,00110111
16237,00001010
16251,00010100
16261,00101111
16281,00011010
16294,00011100
16313,00111110
16322,00100111
16341,00001101
16358,00101100
16371,00010001
16381,00101101
16394,00110110
16405,00001001
16417,00111001
16429,00000011
16443,00011110
16459,00010110
16469,00100101
16478,00001100
16494,00001001
16508,00011000
16521,00111001
16537,00011010
16548,00011111
16563,00010101
16573,00101010
16575,00111010
16586,00001101
16597,00000111
16614,00100000
16628,00111111
16637,00100101
16657,00011101
16674,00000101
16689,00111001
16699,00000011
16719,00100100
16733,00110011
16742,00100100
16760,00000101
16767,00111101
16778,00000001
16792,00111110
16808,00011000
16824,00011000
16840,00010000
16850,00100001
16856,00001000
16869,00010111
16877,00100001
16894,00101010
16910,00110000
16926,00111100
16940,00100000
16953,00100011
16967,00110101
16983,00010010
16997,00001101
17014,00011001
17027,00100101
17041,00101111
17063,00100111
17080,00000101
17102,00000010
17115,00001101
17135,00001000
17147,00001010
17167,00110001
17183,00110101
17203,00100000
17220,00101011
17238,00111110
17253,00000000
17267,00101011
17283,00111101
17302,00100001
17315,00101001
17326,00111100
17343,00100000
17355,00001000
17374,00011111
17386,00101110
17397,00111100
17401,00011000
17421,00100100
17432,00111110
17445,00010000
17460,00011000
17475,00110001
17489,00111000
17517,00001001
17524,00111110
17537,00010101
17551,00100100
17561,00101100
17580,00011011
17593,00010000
17612,00111001
17632,00001011
17651,00011010
17657,00100001
17668,00110001
17681,00010011
17697,00101110
17708,00111111
17714,00010000
17729,00010010
17745,00100100
17756,00110001
17766,00000110
17777,00011101
17791,00101100
17804,00101111
17817,00010111
17838,00110111
17852,00010100
17874,00100000
17881,00111100
17897,00000000
17908,00011111
17921,00010000
17937,00101100
17953,00101000
17965,00110111
17969,00110110
17992,00100010
18001,00111110
18016,00000001
18025,00011001
18045,00100010
18057,00110001
18082,00101111
18089,00001101
18101,00011100
18105,00101001
18116,00111000
18127,00010100
18140,00100011
18151,00110001
18171,00000100
18177,00111111
18198,00110000
18214,00010100
18224,00010100
18237,00100011
18243,00100001
18254,00110000
18265,00110001
18290,00000001
18299,00111100
18318,00010101
18333,00100100
18350,00110000
18363,00011100
18376,00101011
18394,00100111
18402,00110111
18417,00111101
18433,00110111
18448,00100010
18459,00110010
18471,00001100
18481,00011011
18494,00101010
18513,00010101
18528,00110011
18536,00100100
18546,00110101
18553,00111010
18567,00100000
18578,00111111
18589,00100010
18600,00011001
18613,00101000
18631,00011011
18647,00001110
18661,00101001
18677,00100000
18688,00001000
18699,00010100
18709,00101100
18721,00111011
18740,00101101
18748,00101111
18769,00010001
18781,00010000
18803,00111101
18816,00001100
18824,00010010
18834,00100001
18852,00011001
18868,00010100
18889,00010000
18900,00000011
18922,00001010
18929,00100101
18952,00110001
18962,00000100
18976,00010001
18986,00111111
18996,00000010
19007,00001110
19017,00000000
19030,00101110
19044,00111001
19052,00111001
19063,00001100
19079,00011110
19089,00011000
19099,00100111
19108,00110011
19120,00100111
19138,00010101
19148,00100110
19165,00110111
19169,00011101
19179,00101100
19193,00100000
19209,00011001
19219,00101000
19231,00100100
19243,00011010
19253,00101011
19258,00110110
19269,00001001
19275,00111011
19292,00011111
19302,00101100
19314,00111011
19325,00001110
19329,00110110
19354,00110011
19358,00100111
19371,00110110
19382,00100100
19400,00011011
19410,00101000
19415,00111000
19428,00001101
19433,00011001
19443,00100110
19452,00100111
19469,00100100
19485,00010001
19501,00011011
19520,00000001
19543,00110110
19558,00000001
19569,00011000
19579,00100111
19586,00110000
19597,00000110
19604,00011011
19624,00000000
19634,00011010
19644,00100010
19662,00000100
19676,00111111
19686,00110011
19697,00000110
19704,00000101
19728,00011011
19737,00011011
19748,00101010
19754,00001100
19768,00011100
19776,00010111
19786,00101010
19795,00000110
19813,00000001
19832,00010100
19848,00111111
19861,00101100
19880,00111101
19891,00000000
19901,00011100
19913,00111100
19924,00000100
19933,00101100
19948,00101011
19968,00110011
19981,00000010
19996,00010001
20005,00000011
20024,00010000
20039,00011010
20053,00101100
20068,00010100
20087,00011100
20104,00110001
20115,00000100
20126,00010101
20136,00000110
20149,00010101
20159,00100111
20172,00101011
20185,00110010
20196,00000101
20205,00101110
20223,00111110
20236,00000001
20245,00111011
20264,00001110
20273,00100011
20283,00110111
20295,00001101
20311,00000010
20328,00100010
20348,00101110
20359,00010001
20371,00100000
20375,00111011
20388,00000000
20392,00011010
20404,00100110
20410,00011100
20432,00001100
20450,00001101
20460,00011100
20474,00101011
20485,00111000
20501,00101001
20516,00011100
20535,00000110
20546,00101010
20563,00000011
20573,00010010
20580,00001101
20592,00011100
20605,00011000
20620,00011010
20635,00010010
20651,00110110
20669,00110010
20685,00101000
20696,00110111
20710,00000100
20720,00111100
20738,00011010
20757,00010101
20775,00101010
20795,00001010
20811,00000101
20835,00001010
20846,00011100
20864,00101001
20882,00001000
20892,00001001
20909,00000101
20927,00110000
20951,00110000
20966,00010111
20985,00011001
21000,00010001
21015,00110001
21032,00110111
21047,00110000
21061,00000001
21074,00100000
21086,00101010
21106,00101100
21122,00000110
21133,00000001
21147,00100101
21163,00100101
21173,00110100
21189,00110111
21211,00100100
21225,00100000
21239,00010001
21255,00010110
21269,00011000
21281,00100111
21286,00110111
21300,00001010
21313,00000010
21328,00010011
21343,00111100
21356,00110100
21370,00011011
21386,00011000
21398,00100111
21418,00100101
21433,00000010
21445,00000100
21461,00010111
21482,00001001
21492,00000100
21511,00111010
21523,00001101
21535,00111000
21554,00000110
21570,00100001
21586,00100011
21601,00000000
21616,00100010
21631,00110111
21642,00001100
21650,00011001
21671,00101111
21678,00101100
21690,00111011
21702,00010001
21717,00010111
21737,00111010
21742,00010001
21753,00100000
21775,00100101
21791,00011000
21800,00011010
21811,00101011
21823,00101011
21838,00010000
21853,00011100
21862,00101011
21880,00111011
21892,00101111
21907,00000100
21924,00111001
21940,00001110
21956,00101011
21972,00010111
21982,00100110
21996,00101101
22009,00111101
22019,00000000
22022,00100111
22034,00110100
22041,00111001
22052,00001101
22060,00000100
22085,00011011
22089,00011110
22099,00101101
22125,00010001
22132,00010001
22148,00111010
22164,00101110
22176,00111100
22186,00001100
22193,00101111
22209,00111100
22219,00000001
22236,00011100
22252,00001101
22268,00010011
22283,00110001
22293,00000100
22304,00111101
22316,00001101
22330,00110000
22340,00000011
22356,00000001
22373,00101011
22387,00010010
22397,00100001
22404,00100000
22421,00000110
22439,00000101
22449,00010000
22459,00101111
22483,00010000
22493,00100101
22509,00001000
22528,00110010
22544,00010000
22555,00111001
22565,00001011
22584,00111101
22599,00100101
22610,00000110
22626,00011011
22636,00101001
22646,00000111
22663,00000011
22674,00011001
22684,00101001
22704,00001111
22717,00110110
22729,00011101
22739,00101100
22746,00010111
22757,00100110
22759,00111100
22769,00001111
22781,00101001
22799,00101001
22813,00111000
22837,00100001
22850,00101011
22869,00001001
22882,00001010
22903,00101001
22920,00011011
22930,00101000
22959,00101000
22977,00010001
22987,00001100
23007,00111111
23019,00101000
23029,00110111
23036,00001111
23048,00011110
23062,00110001
23074,00100100
23084,00110001
23090,00000001
23110,00111010
23124,00111010
23138,00010110
23152,00100101
23166,00100111
23180,00001011
23196,00101100
23215,00110000
23226,00001001
23237,00011000
23244,00110100
23270,00001000
23283,00101011
23300,00101111
23315,00000010
23329,00110010
23345,00111110
23372,00101011
23385,00000001
23401,00011001
23429,00001000
23433,00000001
23445,00010011
23448,00101001
23460,00111000
23465,00011100
23477,00101011
23488,00111100
23497,00000000
23509,00011111
23521,00001011
23533,00011010
23543,00010001
23554,00110111
23569,00001111
23581,00011110
23585,00101001
23594,00111000
23601,00010000
23614,00101101
23634,00111101
23644,00010111
23656,00110001
23669,00000100
23681,00100010
23694,00010010
23714,00111110
23725,00011111
23738,00101110
23745,00010010
23758,00010001
23772,00101111
23785,00000001
23799,00001111
23815,00011110
23832,00000000
23841,00001110
23852,00011101
23865,00111100
23886,00111110
23905,00000001
23919,00111101
23929,00101101
23948,00001111
23961,00111011
23974,00001011
23985,00001111
23997,00011110
24001,00111010
24017,00101010
24028,00111001
24037,00001101
24061,00110111
24066,00111000
24086,00001100
24098,00011011
24105,00111000
24125,00001001
24138,00110111
24154,00110001
24181,00010110
24182,00110100
24195,00000111
24215,00000110
24233,00100011
24245,00010000
24261,00101111
24273,00011111
24285,00101110
24289,00010000
24300,00101111
24308,00110100
24319,00001000
24329,00100000
24341,00111111
24346,00110011
24356,00000110
24367,00000110
24381,00110100
24398,00001000
24414,00110101
24430,00110011
24440,00000110
24453,00000111
24468,00110101
24477,00001000
24488,00111000
24499,00000010
24514,00110011
24523,00000110
24534,00010101
24546,00111100
24555,00001111
24569,00000100
24585,00011011
24595,00101010
24604,00010110
24625,00011011
24633,00011100
24644,00101011
24649,00101111
24670,00000100
24685,00010011
24692,00111111
24708,00111111
24731,00010100
24737,00010110
24747,00100101
24753,00010110
24763,00100101
24774,00110100
24787,00100111
24801,00110110
24809,00000110
24827,00110110
24837,00001001
24848,00110011
24867,00010111
24889,00001000
24904,00010111
24919,00100110
24931,00101010
24947,00110001
24957,00001110
24961,00110000
24971,00000100
24979,00101011
24995,00001011
25010,00001010
25025,00011001
25043,00010100
25058,00110011
25065,00011100
25075,00101011
25081,00000000
25101,00001101
25113,00000010
25138,00011011
25148,00101010
25157,00010001
25176,00110000
25188,00000010
25201,00111100
25211,00001100
25223,00100101
25237,00100010
25253,00101100
25274,00001110
25287,00011001
25297,00101000
25304,00100000
25317,00111101
25328,00011101
25337,00011101
25347,00101110
25356,00000100
25373,00001100
25412,00101111
25434,00110110
25438,00101010
25453,00111001
25459,00011001
25469,00101000
25471,00011101
25481,00101111
25503,00111110
25519,00111111
25532,00000110
25548,00101011
25567,00110000
25584,00001101
25596,00101110
25608,00111101
25621,00100111
25636,00000000
25648,00110110
25660,00001001
25670,00010101
25684,00110011
25700,00111001
25717,00011011
25730,00101010
25740,00111010
25756,00000101
25771,00110011
25786,00100011
25795,00110010
25806,00000000
25820,00101101
25832,00110100
25844,00000111
25857,00100001
25867,00110000
25876,00111001
25893,00000100
25909,00111000
25927,00000111
25939,00101110
25951,00000100
25962,00010010
25985,00100000
25994,00101101
26005,00111011
26015,00010010
26028,00010011
26043,00110111
26062,00010111
26076,00100110
26084,00100111
26101,00011000
26120,00101000
26132,00001111
26153,00101101
26164,00101010
26184,00101001
26195,00111000
26205,00111100
26222,00011101
26237,00110100
26253,00011010
26268,00110000
26283,00110101
26302,00010100
26316,00100100
26329,00000011
26335,00001100
26346,00011011
26358,00010101
26374,00011011
26387,00001011
26395,00011000
26403,00000000
26419,00010111
26433,00100110
26445,00010010
26460,00011111
26478,00010001
26497,00000010
26513,00101010
26526,00110101
26540,00011011
26554,00101000
26566,00111011
26579,00010001
26598,00010101
26613,00110011
26628,00110001
26643,00110101
26663,00101111
26675,00111110
26686,00010000
26701,00101100
26715,00110111
26725,00000110
26733,00100100
26744,00110001
26754,00000101
26770,00111000
26780,00001011
26788,00011111
26802,00111010
26810,00000111
26818,00111011
26827,00001011
26837,00010001
26853,00000000
26870,00110010
26884,00001100
26898,00010000
26908,00101110
26924,00111101
26939,00110100
26949,00000110
26962,00011100
26967,00100111
26988,00001010
26999,00110000
27010,00000011
27028,00010000
27044,00000111
27063,00001100
27076,00010101
27092,00011110
27105,00110111
27115,00000010
27133,00101110
27149,00011001
27170,00111010
27181,00010100
27190,00011011
27201,00101010
27216,00000011
27222,00000001
27235,00010000
27255,00000100
27265,00011110
27276,00101101
27283,00011010
27300,00110000
27310,00011110
27321,00101001
27328,00010000
27339,00101111
27345,00110000
27355,00000110
27376,00110010
27386,00111011
27397,00001110
27408,00101110
27418,00011100
27429,00101011
27440,00110100
27447,00010011
27458,00100010
27469,00100001
27483,00110001
27496,00110100
27506,00000110
27527,00001011
27544,00100000
27557,00101110
27573,00000011
27594,00111011
27604,00001010
27617,00111010
27622,00010100
27633,00101110
27648,00100010
27663,00000000
27675,00000000
27690,00000011
27712,00110111
27722,00001010
27731,00101011
27752,00111010
27768,00010000
27780,00101110
27793,00000011
27804,00010010
27809,00000110
27819,00010101
27836,00010110
27852,00001111
27872,00000100
27886,00001111
27902,00110110
27917,00110000
27931,00010011
27946,00101111
27962,00100010
27976,00101100
27986,00000110
27997,00010101
28001,00111100
28018,00001111
28028,00010010
28037,00111110
28049,00111110
28063,00000011
28082,00100001
28086,00000010
28095,00010000
28105,00100000
28124,00010000
28141,00010101
28159,00101111
28169,00011001
28185,00101000
28193,00101110
28204,00111000
28214,00011001
28225,00111010
28249,00001000
28257,00100011
28268,00110010
28271,00011001
28285,00101000
28289,00100001
28301,00110000
28317,00010010
28338,00100000
28350,00010001
28369,00000010
28385,00100001
28402,00011010
28425,00001011
28433,00000111
28459,00001101
28472,00011100
28489,00001011
28497,00110000
28522,00100111
28533,00110101
28536,00001110
28546,00011101
28559,00011110
28571,00111101
28589,00101111
28601,00110011
28622,00100110
28631,00011000
28645,00101001
28657,00000000
28673,00111010
28698,00001000
28706,00010011
28725,00011100
28744,00101101
28753,00011001
28767,00101000
28784,00100110
28801,00001111
28809,00110100
28825,00110110
28845,00010011
28856,00001110
28866,00010111
28886,00101000
28897,00011101
28919,00110011
28934,00010010
28949,00001001
28961,00001110
28973,00011101
28985,00110001
28996,00000100
28998,00110011
29011,00000110
29022,00011011
29035,00101000
29053,00100010
29068,00110101
29079,00100001
29091,00110100
29101,00000111
29110,00111010
29121,00011110
29132,00101101
29138,00010011
29148,00100010
29153,00110110
29162,00001101
29175,00011011
29193,00011111
29203,00101110
29215,00111000
29225,00100011
29246,00110101
29257,00001001
29291,00100110
29307,00001111
29324,00011110
29329,00000110
29346,00101100
29364,00100101
29387,00111010
29402,00010101
29412,00101101
29427,00111100
29442,00110001
29456,00010100
29474,00011100
29483,00110011
29493,00000011
29500,00111110
29516,00101101
29530,00111100
29540,00100110
29560,00100101
29571,00111001
29581,00001100
29592,00011010
29608,00100111
29624,00001000
29635,00000000
29649,00011111
29659,00011011
29680,00101111
29698,00100001
29706,00101001
29726,00011000
29738,00010011
29749,00100010
29763,00001000
29774,00001000
29789,00010111
29797,00110111
29817,00101111
29825,00011100
29837,00101011
29841,00100000
29855,00111111
29869,00010100
29885,00100000
29898,00000000
29919,00111111
29932,00000010
29946,00100110
29960,00110101
29969,00100011
29991,00001011
29999,00101111
30013,00111110
30023,00111000
30039,00100000
30051,00001100
30069,00100100
30085,00110011
30095,00010000
30110,00101001
30132,00001111
30142,00101001
30156,00011000
30173,00111101
30187,00000000
30196,00011100
30228,00011101
30245,00101101
30261,00001011
30278,00010101
30293,00100100
30304,00101011
30315,00110001
30333,00100000
30346,00111101
30363,00101011
30377,00101011
30388,00111010
30401,00100010
30410,00110001
30414,00011110
30427,00101101
30431,00101110
30441,00111101
30451,00010100
30466,00110100
30485,00100110
30501,00100101
30513,00110100
30523,00010000
30539,00001011
30554,00110011
30566,00100000
30575,00111111
30590,00000100
30598,00000100
30607,00010011
30620,00100010
30627,00110011
30638,00111101
30650,00000110
30660,00110010
30675,00110010
30691,00100001
30706,00110001
30720,00000100
30736,00100100
30744,00000000
30754,00011111
30761,00001111
30772,00010011
30780,00100010
30796,00011101
30813,00110000
30826,00000011
30840,00100111
30853,00111011
30869,00011111
30883,00101001
30893,00111100
30894,00111101
30907,00000000
30920,00010011
30935,00001011
30947,00011010
30955,00011000
30974,00010011
30990,00100100
31005,00111000
31022,00111001
31040,00000100
31050,00010011
31061,00111000
31080,00100000
31095,00010100
31117,00000110
31125,00010010
31150,00110011
31171,00011101
31187,00000100
31196,00011100
31211,00011000
31219,00100101
31231,00001101
31245,00001001
31260,00011001
31272,00101000
31286,00111010
31302,00110011
31316,00000000
31333,00111011
31348,00100011
31365,00010010
31384,00011100
31394,00100111
31405,00001010
31420,00000101
31438,00000010
31452,00100011
31463,00010010
31472,00100001
31501,00010011
31511,00100101
31524,00011110
31540,00101100
31559,00001100
31574,00000000
31589,00011100
31604,00000100
31621,00000110
31636,00010110
31638,00100111
31652,00111101
31668,00110000
31685,00011110
31694,00100010
31717,00110100
31731,00100111
31743,00000010
31757,00010001
31784,00110110
31799,00110110
31831,00001010
31852,00011110
31870,00101100
31890,00100001
31899,00100000
31916,00010110
31932,00100111
31953,00011011
31977,00001110
31995,00110001
32008,00011100
32021,00001101
32042,00011001
32071,00001101
32086,00101010
32101,00111001
32113,00011011
32125,00000000
32139,00101010
32160,00010100
32168,00010100
32177,00100011
32189,00001101
32213,00011100
32233,00110101
32247,00101110
32258,00101001
32269,00110110
32278,00000111
32294,00001011
32309,00000010
32325,00111011
32338,00001110
32349,00001100
32358,00011011
32367,00101010
32381,00010111
32394,00010000
32406,00100000
32415,00111111
32431,00111110
32444,00111111
32458,00000010
32470,00110000
32481,00110101
32493,00001000
32501,00100011
32517,00100110
32532,00110110
32545,00001001
32554,00011000
32564,00001001
32575,00011000
32590,00011110
32605,00011110
32617,00100001
32640,00100100
32658,00100100
32671,00110101
32684,00001000
32694,00010000
32708,00011011
32723,00100011
32744,00101100
32753,00101000
32769,00100111
32781,00111000
32790,00011000
32804,00100111
32810,00100101
32827,00010010
32842,00000110
32862,00110011
32881,00100001
32898,00000100
32911,00101111
32923,00111110
32935,00111101
32942,00111001
32955,00001100
32962,00011010
32987,00101110
32993,00101111
33005,00111110
33006,00100000
33019,00111111
33031,00010001
33044,00100000
33055,00000001
33066,00111110
33082,00101101
33093,00111100
33103,00000000
33114,00111101
33138,00101011
33151,00010111
33164,00100110
33175,00110110
33195,00100110
33198,00101001
33209,00111000
33225,00000100
33239,00001110
33255,00111101
33275,00010110
33297,00011011
33313,00100010
33325,00011110
33339,00011001
33356,00110111
33373,00111000
33383,00001011
33398,00001110
33414,00101111
33431,00010000
33447,00000110
33469,00111001
33479,00001110
33491,00010101
33501,00100100
33515,00100011
33534,00100010
33550,00000110
33563,00001000
33582,00100110
33594,00100110
33610,00101010
33625,00111001
33639,00011111
33651,00010010
33661,00100010
33675,00010101
33684,00110101
33703,00000110
33715,00100101
33731,00010010
33741,00100001
33756,00111111
33775,00101110
33811,00111110
33819,00011000
33829,00100111
33834,00101001
33851,00111000
33867,00011111
33882,00010010
33889,00010110
33899,00101010
33909,00001010
33923,00111110
33933,00000001
33939,00001110
33962,00111011
33972,00001110
33983,00111101
33998,00100101
34010,00101010
34034,00111011
34042,00010010
34052,00100001
34058,00010011
34068,00100010
34085,00101010
34098,00001110
34121,00011000
34135,00111110
34146,00111100
34156,00001111
34161,00001001
34179,00111011
34189,00001101
34207,00110101
34223,00011101
34236,00000001
34248,00001101
34271,00110001
34281,00001000
34300,00101101
34316,00111100
34323,00000010
34347,00011111
34354,00101100
34376,00010111
34388,00101000
34404,00010001
34414,00100000
34429,00110100
34445,00011010
34461,00110001
34470,00000111
34482,00010110
34492,00101110
34508,00010100
34521,00100011
34527,00010101
34539,00100100
34552,00011111
34564,00100110
34579,00111100
34595,00100010
34616,00110101
34641,00010101
34650,00001111
34673,00110011
34679,00110001
34692,00000100
34706,00001011
34715,00100011
34727,00110010
34749,00111011
34757,00000000
34768,00101001
34780,00111111
34787,00101100
34804,00111011
34819,00010001
34836,00011010
34849,00101001
34858,00100111
34869,00110110
34877,00100000
34891,00110011
34917,00100100
34927,00010111
34944,00101011
34956,00110111
34971,00010110
34977,00000101
34995,00101100
35010,00010001
35026,00000000
35036,00010011
35048,00001000
35060,00010111
35069,00110100
35087,00001010
35098,00100001
35109,00110000
35119,00101110
35130,00001010
35151,00001110
35161,00010101
35172,00100100
35191,00000110
35210,00001010
35220,00011000
35239,00000010
35249,00110010
35272,00100000
35283,00011011
35296,00101010
35311,00110100
35326,00010101
35340,00010001
35361,00100010
35373,00000010
35390,00010010
35407,00101111
35420,00111101
35431,00101111
35445,00110010
35460,00110010
35477,00110011
35495,00100101
35509,00011001
35520,00101010
35532,00010111
35549,00000100
35564,00001001
35578,00101011
35596,00100001
35607,00011101
35616,00101101
35628,00111010
35639,00001101
35657,00100111
35671,00101011
35683,00111000
35694,00111111
35704,00000010
35714,00010001
35724,00100001
35733,00010110
35743,00000110
35756,00010101
35770,00101011
35787,00000100
35807,00010100
35820,00111011
35837,00111001
35853,00011101
35872,00001001
35895,00101110
35912,00001000
35924,00100100
35943,00000001
35962,00111000
35968,00111010
35979,00001101
35989,00101011
36003,00111010
36017,00010000
36028,00011010
36049,00001010
36066,00110111
36082,00111001
36097,00011011
36108,00101010
36119,00101001
36136,00001111
36167,00110111
36185,00011001
36197,00001000
36218,00010100
36228,00100010
36241,00110000
36251,00000011
36273,00111111
36289,00010011
36299,00100011
36321,00010111
36333,00101000
36349,00110111
36359,00001010
36374,00001010
36385,00001001
36407,00110111
36423,00110110
36433,00001011
36444,00011101
36453,00111001
36467,00001100
36477,00111001
36494,00011111
36506,00001101
36516,00011011
36526,00101010
36537,00010001
36558,00110011
36575,00000111
36586,00010110
36594,00101000
36604,00110111
36618,00111110
36628,00110110
36644,00101111
36664,00111011
36684,00101101
36696,00101110
36708,00111101
36713,00111100
36737,00110010
36742,00101011
36752,00111010
36759,00110110
36782,00110010
36803,00011001
36818,00111011
36842,00000101
36854,00010010
36869,00101111
36882,00100010
36893,00110001
36897,00110110
36912,00001110
36927,00011101
36938,00011101
36963,00101100
36970,00010011
36986,00000100
36997,00010011
37002,00000110
37013,00011100
37027,00001000
37036,00011010
37050,00101010
37062,00011000
37082,00100110
37097,00100010
37110,00110110
37130,00000100
37146,00000000
37157,00011111
37170,00011101
37186,00100101
37194,00100000
37205,00110010
37210,00110111
37234,00001010
37259,00011001
37274,00101000
37288,00011111
37303,00010100
37319,00111011
37337,00100111
37357,00010001
37362,00110110
37387,00010000
37413,00111101
37419,00101111
37438,00111001
37454,00001001
37476,00001001
37483,00100100
37496,00111011
37510,00110000
37528,00101000
37537,00000100
37548,00010011
37555,00010011
37565,00100010
37573,00100001
37586,00001000
37603,00000110
37618,00010101
37626,00111010
37637,00001101
37645,00111010
37660,00011010
37674,00111110
37699,00111101
37710,00000011
37730,00010111
37741,00100110
37749,00101000
37768,00000000
37778,00110000
37789,00000011
37796,00000010
37821,00111111
37825,00100100
37842,00110010
37853,00000101
37866,00010011
37876,00100001
37883,00010000
37906,00111110
37922,00111111
37932,00000110
37954,00110001
37965,00000100
37971,00010100
37991,00000110
38003,00100111
38023,00110101
38041,00011010
38059,00110100
38073,00110111
38085,00001010
38098,00011010
38107,00101000
38126,00110010
38140,00101111
38159,00101100
38178,00010000
38187,00011010
38197,00101001
38217,00100111
38226,00001000
38250,00100000
38264,00001100
38275,00101001
38297,00111011
38314,00011010
38324,00101001
38339,00101100
38351,00101001
38368,00101101
38381,00111100
38399,00010001
38421,00011110
38429,00011110
38442,00101101
38460,00011010
38471,00111110
38483,00010001
38506,00000010
38515,00011110
38531,00111111
38547,00000010
38563,00100100
38572,00110010
38590,00010101
38603,00100010
38622,00001001
38638,00110110
38652,00010000
38665,00101111
38679,00110110
38696,00101010
38711,00111011
38722,00101011
38738,00100001
38749,00110100
38756,00011101
38772,00001011
38783,00011010
38800,00110101
38811,00101101
38827,00000100
38847,00111011
38859,00101110
38874,00110000
38890,00010001
38903,00100000
38918,00011000
38941,00100110
38949,00110101
38962,00110010
38977,00001010
38988,00011001
38994,00001110
39011,00011100
39024,00100010
39039,00000110
39049,00110100
39069,00011111
39088,00001110
39109,00001011
39123,00101001
39133,00011100
39146,00101011
39160,00100000
39174,00010010
39191,00000000
39208,00100000
39222,00100011
39236,00110101
39249,00001000
39260,00010011
39275,00010000
39296,00100011
39310,00011110
39326,00000111
39339,00101011
39359,00101001
39379,00011000
39389,00101011
39395,00110011
39405,00000110
39413,00111111
39426,00000000
39444,00111100
39460,00110101
39475,00001101
39492,00011100
39498,00000010
39522,00001000
39531,00001010
39549,00011011
39557,00100011
39565,00010001
39573,00100000
39581,00011101
39596,00011011
39606,00101111
39620,00001100
39639,00011001
39654,00101101
39676,00010000
39683,00000011
39700,00100111
39716,00110110
39724,00001011
39747,00011001
39761,00111000
39772,00111001
39790,00000010
39804,00101111
39820,00100101
39834,00110100
39844,00001100
39862,00000011
39881,00110100
39895,00110111
39913,00111110
39929,00110001
39939,00000001
39949,00100000
39965,00100001
39984,00110001
39996,00100110
40014,00001101
40034,00010111
40046,00001110
40061,00011101
40070,00101100
40089,00110010
40101,00001001
40119,00100000
40138,00010011
40149,00000001
40166,00101111
40181,00111110
40190,00100111
40206,00101001
40224,00010001
40240,00011101
40254,00111110
40269,00101100
40281,00111011
40294,00110010
40309,00100111
40326,00001100
40343,00011101
40357,00111101
40374,00001100
40391,00000001
40402,00010001
40415,00111010
40428,00110000
40445,00101011
40467,00110010
40477,00110111
40490,00010111
40501,00100110
40512,00100000
40525,00111111
40532,00001011
40547,00111000
40564,00000110
40577,00111101
40589,00001111
40595,00111010
40613,00000000
40623,00101110
40632,00111100
40645,00001111
40656,00000000
40663,00101110
40674,00111101
40689,00101111
40699,00101101
40714,00011011
40736,00100000
40751,00110000
40764,00000011
40777,00100100
40790,00110111
40809,00101001
40820,00011001
40833,00101001
40845,00111000
40851,00010110
40869,00101001
40880,00111000
40891,00110100
40905,00100110
40915,00110101
40928,00000000
40937,00111001
40959,00111010
40978,00001101
40989,00110111
41002,00001010
41017,00000010
41033,00010000
41052,00010011
41057,00010010
41085,00010010
41096,00000111
41114,00100011
41125,00110010
41136,00010101
41151,00100100
41165,00110100
41182,00100101
41199,00001010
41214,00110110
41231,00110101
41241,00001000
41250,00001001
41272,00011000
41284,00100110
41300,00011000
41309,00100111
41314,00001011
41334,00101011
41351,00011010
41360,00101001
41369,00011011
41379,00101010
41390,00100111
41405,00010111
41420,00110110
41433,00101101
41451,00110111
41461,00001011
41466,00111110
41476,00000000
41491,00111101
41501,00000000
41510,00001100
41521,00011110
41531,00101100
41537,00101100
41564,00011010
41572,00011101
41586,00101101
41600,00111100
41610,00000001
41633,00010010
41647,00100100
41663,00000101
41676,00110001
41693,00011011
41714,00011000
41724,00100111
41736,00100101
41755,00111000
41761,00000010
41788,00011010
41794,00100100
41810,00100110
41838,00010101
41866,00101001
41878,00000011
41892,00010010
41906,00110111
41913,00110010
41923,00000101
41930,00011110
41941,00100011
41945,00111111
41955,00000010
41970,00100111
41991,00100111
42002,00101100
42026,00011011
42039,00011000
42048,00111000
42058,00001001
42079,00100100
42091,00100000
42108,00000100
42130,00010111
42138,00100011
42171,00111110
42184,00000001
42195,00001001
42213,00110110
42231,00001011
42246,00001110
42257,00001100
42265,00011011
42279,00110111
42294,00010000
42309,00101111
42320,00001110
42334,00111011
42349,00011010
42365,00110011
42380,00011110
42394,00101011
42404,00111010
42418,00001111
42438,00001001
42457,00111011
42475,00001101
42479,00100010
42488,00110001
42500,00110101
42519,00101111
42530,00111111
42538,00101100
42556,00110000
42577,00011011
42594,00100100
42604,00111111
42624,00110111
42637,00001000
42647,00101100
42661,00011000
42670,00011111
42683,00100001
42696,00100010
42706,00000000
42716,00011111
42721,00010000
42738,00110001
42751,00000010
42766,00111010
42786,00000000
42796,00111100
42818,00010111
42827,00011101
42841,00011001
42854,00100010
42871,00100011
42891,00010000
42898,00111010
42916,00011101
42935,00000000
42950,00101101
42964,00011011
42977,00101010
42989,00010111
43005,00111011
43020,00001000
43037,00000101
43054,00100100
43064,00011101
43074,00101001
43087,00111111
43096,00000010
43107,00100000
43124,00110010
43133,00000101
43139,00000100
43155,00100110
43171,00010000
43187,00111001
43197,00001100
43203,00101000
43217,00110011
43233,00010111
43238,00110110
43246,00001001
43259,00001011
43282,00000101
43291,00100100
43315,00100010
43327,00000010
43341,00010001
43342,00110001
43350,00000100
43371,00110101
43380,00011100
43396,00001010
43413,00110110
43431,00100001
43447,00011000
43459,00100110
43470,00000101
43487,00110101
43498,00010000
43507,00101111
43519,00001011
43531,00001101
43542,00100111
43554,00110110
43565,00000001
43579,00010000
43590,00001101
43608,00011011
43621,00101001
43637,00001001
43658,00001101
43670,00110100
43682,00011000
43692,00101000
43703,00101000
43715,00110111
43726,00110111
43742,00010101
43757,00100001
43776,00010100
43787,00000100
43807,00011111
43819,00101110
43831,00111001
43844,00111011
43858,00000001
43867,00010000
43876,00011111
43894,00101100
43902,00001101
43912,00011100
43924,00111101
43938,00000000
43948,00110001
43966,00101111
43984,00101110
43996,00001101
44014,00100010
44026,00010010
44043,00000111
44054,00010110
44063,00010011
44077,00100010
44086,00000111
44102,00001110
44115,00010101
44131,00110011
44156,00101101
44159,00100010
44170,00110000
44195,00101010
44203,00010101
44227,00100100
44235,00010101
44259,00100110
44268,00010000
44283,00000101
44294,00010100
44313,00001001
44326,00011111
44345,00000111
44356,00011101
44378,00001101
44387,00001101
44409,00101110
44420,00111100
44433,00101101
44439,00101101
44450,00111101
44464,00101110
44475,00100100
44489,00100011
44509,00010100
44523,00011010
44538,00101001
44552,00001001
44565,00110111
44584,00000111
44594,00010100
44618,00001101
44629,00010100
44642,00001010
44653,00011001
44669,00010110
44686,00110000
44703,00111011
44717,00110101
44726,00000100
44738,00010011
44751,00011001
44768,00101101
44781,00111101
44793,00100001
44802,00100100
44824,00100111
44839,00011110
44849,00100000
44873,00100101
44886,00010000
44897,00101111
44911,00111110
44923,00011011
44938,00100011
44962,00010111
44980,00011110
44987,00101110
45006,00010100
45017,00100011
45026,00010111
45037,00100110
45048,00100000
45058,00110110
45069,00000110
45078,00000001
45095,00001010
45111,00111011
45121,00001110
45131,00011001
45144,00110101
45154,00001000
45170,00111111
45183,00001000
45199,00001100
45206,00101101
45219,00111100
45230,00100011
45244,00110010
45248,00101011
45261,00111010
45263,00111111
45274,00000010
45281,00101100
45299,00001110
45316,00011100
45338,00010111
45349,00100110
45356,00101011
45370,00010110
45381,00100101
45387,00000010
45409,00101010
45425,00100000
45431,00001000
45444,00011111
45460,00110110
45471,00100010
45485,00110001
45492,00001001
45510,00111101
45525,00100000
45546,00011001
45561,00111110
45572,00000001
45583,00001000
45601,00011001
45617,00011001
45630,00101011
45644,00000000
45663,00011000
45677,00100111
45688,00101000
45697,00010110
45717,00101100
45734,00011011
45751,00001011
45766,00111110
45781,00111010
45795,00001101
45804,00110010
45818,00011101
45838,00010010
45857,00101110
45870,00110101
45890,00001000
45901,00010111
45909,00111110
45925,00011010
45945,00100010
45963,00001110
45977,00001110
45987,00011101
46011,00001001
46028,00111111
46047,00000011
46063,00110001
46076,00111110
46098,00100010
46113,00100001
46125,00110011
46132,00110010
46148,00010010
46162,00000011
46180,00010010
46198,00110100
46211,00110000
46228,00011110
46241,00101101
46250,00011111
46271,00101110
46287,00010100
46306,00001011
46313,00001111
46323,00011101
46332,00110001
46348,00110010
46361,00000101
46379,00100100
46388,00110010
46406,00000010
46422,00100011
46440,00110100
46452,00100100
46468,00000110
46481,00010101
46492,00010100
46507,00100000
46523,00110000
46532,00000011
46538,00001001
46554,00101110
46577,00110101
46587,00010011
46596,00100010
46610,00010001
46620,00100000
46626,00101000
46639,00010010
46649,00100101
46658,00100100
46680,00110100
46690,00011010
46700,00101001
46705,00100101
46721,00110100
46729,00000111
46745,00000101
46767,00101011
46777,00001000
46792,00000110
46805,00010101
46814,00100001
46833,00011110
46843,00101101
46852,00100110
46873,00110111
46885,00001110
46895,00011011
46903,00101010
46919,00011111
46934,00011101
46947,00000111
46961,00010110
46978,00110110
46987,00001011
47009,00111001
47018,00001010
47037,00100100
47049,00000001
47070,00010001
47080,00100000
47086,00101110
47099,00111101
47104,00101111
47123,00111010
47133,00001101
47138,00100000
47162,00111011
47169,00000011
47191,00110000
47201,00000011
47213,00000010
47230,00010100
47244,00000100
47278,00010110
47294,00101110
47307,00110000
47319,00000011
47333,00111011
47348,00111010
47366,00010001
47379,00000010
47394,00010001
47411,00000101
47426,00010011
47441,00100001
47453,00110101
47467,00100100
47484,00000011
47500,00010111
47515,00001000
47531,00101100
47547,00011000
47563,00100000
47577,00111111
47587,00000110
47609,00001100
47619,00011001
47639,00010100
47658,00111010
47669,00010000
47688,00011100
47701,00101011
47705,00110000
47730,00101000
47736,00011100
47749,00101011
47762,00000010
47772,00110001
47783,00001010
47796,00011001
47801,00101010
47813,00111001
47834,00100100
47845,00110011
47856,00011110
47869,00101101
47875,00010011
47898,00110011
47912,00110100
47919,00000011
47929,00010010
47947,00110001
47969,00110001
47987,00011000
48002,00001010
48017,00011110
48025,00111001
48041,00111000
48054,00001011
48066,00010000
48087,00011001
48103,00010000
48111,00100101
48124,00110100
48134,00011110
48154,00101100
48175,00001111
48190,00001011
48205,00100111
48224,00010111
48241,00010111
48258,00001100
48267,00100100
48282,00110011
48293,00101100
48310,00010010
48332,00110101
48342,00011001
48358,00000100
48374,00000101
48389,00100111
48404,00110101
48414,00010111
48430,00100110
48442,00011000
48452,00100110
48462,00100100
48479,00000111
48491,00110101
48501,00001000
48511,00000110
48525,00010101
48537,00100010
48557,00111101
48567,00000101
48587,00110100
48603,00111110
48615,00011011
48627,00000111
48641,00010110
48658,00010000
48684,00101100
48715,00101010
48751,00100100
48791,00100000
48807,00000011
48819,00000001
48842,00011000
48852,00000001
48873,00010000
48884,00101011
48895,00001010
48911,00110001
48926,00001000
48943,00110111
48959,00100010
48975,00001100
48994,00111101
49015,00001101
49030,00111001
49045,00111000
49064,00001011
49077,00111000
49092,00100111
49101,00110110
49108,00110011
49123,00000110
49132,00100001
49150,00001011
49164,00111000
49189,00111100
49202,00011110
49212,00000100
49234,00101011
49245,00111011
49251,00011100
49267,00000011
49277,00010010
49282,00010101
49298,00001010
49321,00010000
49329,00011000
49341,00100111
49349,00010101
49362,00100100
49377,00101011
49388,00011101
49402,00000101
49413,00010100
49421,00010010
49434,00100110
49443,00110101
49450,00011001
49462,00111001
49476,00001100
49489,00111010
49507,00011011
49530,00000110
49544,00011000
49562,00110101
49569,00010110
49589,00100100
49599,00110010
49606,00110110
49619,00001001
49626,00110011
49644,00010010
49662,00000111
49683,00011000
49692,00100101
49710,00100101
49723,00110100
49731,00100101
49747,00000101
49763,00110001
49779,00010100
49789,00100011
49795,00000101
49811,00001000
49821,00010111
49828,00110011
49838,00001000
49849,00100100
49872,00110001
49881,00000101
49897,00000010
49910,00010001
49918,00100001
49929,00010001
49941,00101101
49950,00101100
49964,00111011
49977,00001111
49985,00111000
50003,00111100
50022,00101001
50033,00010111
50044,00100110
50050,00001000
50065,00000101
50079,00010100
50089,00010010
50099,00100000
50105,00101010
50128,00000100
50137,00000011
50154,00101111
50168,00101110
50180,00111101
50185,00110010
50198,00000101
50215,00011001
50225,00001101
50239,00111010
50248,00001101
50266,00110000
50276,00100001
50290,00100111
50305,00100100
50319,00110011
50333,00100100
50351,00011101
50367,00110000
50384,00000001
50397,00010011
50405,00100010
50413,00110100
50428,00001110
50445,00011101
50455,00011001
50471,00110100
50486,00110001
50501,00000101
50511,00101000
50521,00110100
50533,00111000
50549,00010110
50561,00100101
50577,00000101
50591,00000010
50603,00100000
50622,00101111
50645,00000000
50653,00101110
50667,00111011
50682,00001110
50695,00101100
50708,00110110
50723,00000100
50740,00110011
50758,00001111
50767,00001000
50776,00010111
50791,00111110
50805,00000010
50815,00000111
50828,00110000
50850,00001001
50858,00010010
50876,00011011
50893,00011001
50915,00001001
50932,00110110
50955,00010010
50965,00110001
50988,00011001
50995,00010100
51016,00011101
51035,00110010
51039,00111110
51054,00000010
51068,00111110
51084,00001110
51097,00110110
51115,00110111
51138,00101000
51147,00001010
51157,00011001
51158,00011101
51172,00101011
51206,00111001
51242,00010000
51255,00110000
51277,00001100
51286,00110011
51299,00000110
51314,00010001
51326,00100101
51349,00100100
51358,00101000
51375,00011010
51391,00110010
51407,00101001
51432,00010111
51447,00101000
51455,00010110
51464,00100101
51479,00010110
51488,00100101
51501,00110100
51530,00111111
51541,00001101
51551,00010000
51572,00010000
51583,00100110
51601,00101100
51616,00000111
51629,00100001
51648,00101001
51669,00100111
51690,00010101
51704,00000100
51720,00100011
51753,00001010
51766,00000010
51779,00010001
51791,00001010
51813,00111111
51841,00011000
51851,00010000
51861,00101111
51870,00100011
51889,00111001
51900,00001011
51910,00011101
51926,00100011
51948,00111010
51954,00010011
51964,00100010
51977,00011111
51993,00110111
52006,00101111
52020,00111110
52027,00000011
52048,00010000
52063,00010000
52078,00111110
52093,00101000
52104,00111110
52114,00000000
52136,00010000
52147,00011101
52164,00110001
52182,00101110
52201,00011000
52214,00100100
52227,00010111
52241,00101001
52251,00011101
52270,00001000
52279,00110001
52299,00011001
52316,00100011
52330,00101010
52340,00111001
52351,00111111
52364,00000010
52370,00000111
52391,00101100
52402,00111101
52417,00000110
52430,00010111
52443,00100110
52450,00011011
52470,00110110
52483,00001001
52494,00001101
52508,00000110
52530,00000101
52538,00110111
52553,00110001
52578,00100100
52594,00101000
52610,00100101
52621,00110100
52626,00010100
52650,00100100
52658,00110100
52674,00100111
52686,00110101
52709,00010111
52722,00001011
52731,00101111
52754,00000101
52762,00000111
52773,00010110
52781,00011010
52802,00101111
52823,00010111
52836,00010110
52853,00101000
52872,00100010
52883,00100010
52898,00000101
52912,00010100
52923,00000101
52934,00101000
52948,00110111
52954,00011010
52964,00101001
52973,00100111
52989,00110111
53012,00011001
53017,00100010
53033,00110001
53043,00010111
53053,00100110
53057,00000100
53074,00011101
53084,00101100
53096,00011010
53114,00010110
53121,00011011
53131,00101010
53147,00011111
53157,00101110
53159,00010011
53169,00100010
53177,00001111
53197,00000010
53211,00011011
53221,00101010
53233,00011100
53243,00101011
53249,00001111
53271,00101011
53293,00010000
53301,00100010
53323,00011001
53336,00011000
53344,00111010
53354,00001000
53368,00100111
53381,00110110
53392,00110101
53409,00010011
53417,00010001
53427,00100000
53439,00111111
53455,00111101
53465,00000000
53476,00000110
53496,00010110
53505,00001010
53526,00011000
53537,00100010
53555,00100011
53566,00111100
53576,00001111
53595,00101100
53612,00000101
53626,00011010
53637,00101111
53642,00001011
53659,00001110
53675,00011011
53688,00101010
53702,00010101
53716,00100011
53731,00111101
53749,00110000
53763,00000110
53780,00110011
53801,00001101
53827,00101100
53838,00011000
53859,00111011
53867,00000110
53882,00001000
53900,00100011
53911,00110010
53923,00010001
53940,00010111
53951,00100000
53961,00111110
53971,00100001
53991,00000001
54008,00110000
54021,00000011
54029,00111111
54043,00000001
54065,00001111
54076,00001001
54097,00100011
54107,00010110
54130,00001110
54154,00100010
54165,00010101
54181,00110101
54201,00111000
54209,00110000
54225,00011010
54243,00010110
54256,00100101
54270,00001101
54290,00101101
54305,00100101
54317,00111101
54333,00111000
54351,00001111
54365,00101000
54380,00110111
54389,00100001
54407,00010110
54422,00001110
54437,00001010
54454,00110100
54470,00001001
54484,00001110
54500,00011101
54504,00100111
54517,00111100
54528,00011101
54541,00001001
54557,00001110
54576,00111010
54589,00011111
54615,00100110
54634,00000100
54645,00100011
54663,00111110
54681,00101010
54693,00100010
54709,00100100
54725,00111011
54735,00001110
54749,00001011
54778,00111100
54788,00001111
54797,00001000
54835,00111110
54846,00001010
54866,00001110
54882,00011001
54907,00110111
54924,00100100
54935,00100011
54969,00011001
54981,00101000
54992,00101010
55003,00101111
55026,00110101
55039,00000110
55054,00100100
55072,00110010
55088,00010100
55100,00100011
55114,00110110
55122,00001111
55139,00110110
55159,00110010
55175,00000111
55189,00110000
55201,00111010
55215,00001101
55230,00111101
55243,00111101
55261,00011000
55277,00110100
55290,00101010
55301,00111000
55307,00101100
55322,00010110
55336,00100101
55345,00101000
55355,00110111
55363,00011011
55385,00101110
55399,00111111
55415,00110010
55426,00111111
55442,00100110
55453,00110101
55466,00011101
55485,00111101
55500,00101111
55514,00101100
55525,00111011
55537,00001001
55555,00001111
55560,00010011
55574,00100010
55588,00011110
55610,00000101
55618,00010111
55634,00001011
55650,00010010
55669,00110101
55684,00101001
55695,00111000
55705,00110000
55726,00111010
55737,00100010
55748,00111010
55752,00110010
55765,00000101
55773,00111100
55785,00111000
55806,00101001
55828,00100010
55837,00111111
55846,00001110
55859,00110110
55874,00110111
55885,00001010
55891,00011011
55905,00000001
55917,00010000
55928,00100101
55946,00111001
55957,00001100
55963,00111000
55972,00001011
55978,00011001
55988,00101011
56000,00100111
56009,00100110
56029,00000010
56044,00010101
56055,00101101
56066,00101111
56087,00010110
56098,00001101
56114,00100101
56130,00011101
56141,00101100
56146,00100100
56160,00110011
56171,00011111
56190,00001101
56202,00100010
56217,00010011
56228,00101101
56240,00101111
56250,00111000
56260,00001011
56272,00001010
56290,00011010
56301,00100110
56306,00101010
56321,00110101
56331,00001000
56344,00100110
56354,00101010
56368,00010110
56379,00100101
56396,00001101
56413,00011000
56428,00101011
56447,00010101
56463,00011001
56479,00001010
56488,00000001
56502,00010000
56517,00101000
56539,00111100
56553,00100011
56565,00101000
56580,00000101
56592,00001010
56603,00011001
56621,00100100
56637,00100110
56651,00010100
56668,00111101
56683,00101010
56701,00101011
56711,00111010
56723,00110101
56738,00011110
56753,00000110
56764,00010101
56770,00000111
56787,00110000
56809,00000111
56825,00000011
56842,00010110
56857,00111000
56875,00111011
56886,00101111
56895,00111110
56906,00011011
56924,00110111
56937,00001010
